{"lastDeploymentHandler":"com.amazonaws.lambda.demo.DatabaseWordUpdate","lastInvokeHandler":"com.amazonaws.lambda.demo.DatabaseWordUpdate","handlerMetadata":{"com.amazonaws.lambda.demo.DatabaseWordUpdate":{"deployment":{"regionId":"us-east-1","awsLambdaFunctionName":"DatabaseUpdate","awsIamRoleName":"DatabaseRole","awsS3BucketName":"lambda-function-bucket-us-east-1-1512559093392","memory":0,"timeout":0},"invoke":{"selectJsonFile":false,"invokeJsonFile":"\\DatabaseWordUpdate\\src\\test\\resources\\s3-event.put.json","selectJsonInput":true,"invokeInput":"{\"Project_ID\":\"004\",\"Artwork_Title\":\"Big Dog\",\"Artwork_ID\":\"04\",\"User_Quote\":[{\"label\":\"starry\",\"size\": 6},{\"label\":\"night  \",\"size\": 3},{\"label\":\"paint  \",\"size\": 1},{\"label\":\"palette \",\"size\": 1},{\"label\":\"grey \",\"size\": 1},{\"label\":\"look \",\"size\": 1},{\"label\":\"out \",\"size\": 1},{\"label\":\"summer \",\"size\": 1},{\"label\":\"day \",\"size\": 1},{\"label\":\"darkness \",\"size\": 1},{\"label\":\"beautiful\",\"size\": 1}]}","showLiveLog":true}}},"lastInvokedHandlerDeployed":true}